index	SetName	OptionType1	OptionID1	OptionValue1	OptionType2	OptionID2	OptionValue2	OptionType3	OptionID3	OptionValue3	OptionType4	OptionID4	OptionValue4	OptionType5	OptionID5	OptionValue5	OptionType6	OptionID6	OptionValue6	OptionType7	OptionID7	OptionValue7	OptionType8	OptionID8	OptionValue8	OptionType9	OptionID9	OptionValue9	OptionType10	OptionID10	OptionValue10	OptionType11	OptionID11	OptionValue11	MaxCount	MaxType1	MaxID1	Maxvalue1	MaxType2	MaxID2	Maxvalue2	MaxType3	MaxID3	Maxvalue3	MaxType4	MaxID4	Maxvalue4	MaxType5	MaxID5	Maxvalue5	MaxType6	MaxID6	Maxvalue6	MaxType7	MaxID7	Maxvalue7	MaxType8	MaxID8	Maxvalue8
100201	其卡斯的火焰	1	216	150	1	30	100	1	34	100	0	0	0	0	0	0	0	0	0	0	0	0	0	0	0	0	0	0	0	0	0	0	0	0	5	1	158	3	1	164	3	2	15003201	5	1	128	35	0	0	0	0	0	0	0	0	0	0	0	0
100202	卡妙的冰霜套裝	1	216	350	1	30	300	1	18	45	0	0	0	0	0	0	0	0	0	0	0	0	0	0	0	0	0	0	0	0	0	0	0	0	5	2	15003211	3	1	136	380	1	244	30	2	15003507	1	0	0	0	0	0	0	0	0	0	0	0	0
100205	玄武的山水紋紋套裝	1	216	200	1	184	8	1	30	170	0	0	0	0	0	0	0	0	0	0	0	0	0	0	0	0	0	0	0	0	0	0	0	0	5	2	15003501	3	1	132	10	2	15003503	1	2	15003505	1	0	0	0	0	0	0	0	0	0	0	0	0
100206	獅身人的法老套裝	1	216	270	1	106	10	1	30	210	0	0	0	0	0	0	0	0	0	0	0	0	0	0	0	0	0	0	0	0	0	0	0	0	5	2	15003502	4	1	136	210	1	156	20	1	162	20	0	0	0	0	0	0	0	0	0	0	0	0
100301	醜八怪統領套裝(戰士)	0	0	0	0	0	0	0	0	0	0	0	0	0	0	0	0	0	0	0	0	0	0	0	0	0	0	0	0	0	0	0	0	0	2	1	15	3	1	184	4	0	0	0	0	0	0	0	0	0	0	0	0	0	0	0	0	0	0
100302	醜八怪統領套裝(騎士)	0	0	0	0	0	0	0	0	0	0	0	0	0	0	0	0	0	0	0	0	0	0	0	0	0	0	0	0	0	0	0	0	0	2	1	27	3	1	217	4	0	0	0	0	0	0	0	0	0	0	0	0	0	0	0	0	0	0
100303	醜八怪統領套裝(法師)	0	0	0	0	0	0	0	0	0	0	0	0	0	0	0	0	0	0	0	0	0	0	0	0	0	0	0	0	0	0	0	0	0	2	1	23	3	1	180	4	0	0	0	0	0	0	0	0	0	0	0	0	0	0	0	0	0	0
100304	醜八怪統領套裝(遊俠)	0	0	0	0	0	0	0	0	0	0	0	0	0	0	0	0	0	0	0	0	0	0	0	0	0	0	0	0	0	0	0	0	0	2	1	19	3	1	128	40	0	0	0	0	0	0	0	0	0	0	0	0	0	0	0	0	0	0
100307	醜八怪統領套裝(工程師)	0	0	0	0	0	0	0	0	0	0	0	0	0	0	0	0	0	0	0	0	0	0	0	0	0	0	0	0	0	0	0	0	0	2	1	30	100	1	217	5	0	0	0	0	0	0	0	0	0	0	0	0	0	0	0	0	0	0
300652	聖誕套裝	0	0	0	0	0	0	0	0	0	0	0	0	0	0	0	0	0	0	0	0	0	0	0	0	0	0	0	0	0	0	0	0	0	5	1	30	300	1	132	10	1	128	30	2	15003601	1	0	0	0	0	0	0	0	0	0	0	0	0
400151	狂怒套裝	1	216	300	1	136	100	2	15003705	1	0	0	0	0	0	0	0	0	0	0	0	0	0	0	0	0	0	0	0	0	0	0	0	0	5	1	15	5	1	176	2	1	148	10	1	323	10	0	0	0	0	0	0	0	0	0	0	0	0
400161	神聖套裝	1	216	350	1	136	100	2	15003701	1	0	0	0	0	0	0	0	0	0	0	0	0	0	0	0	0	0	0	0	0	0	0	0	0	5	1	27	5	1	30	300	1	144	10	2	15003709	1	0	0	0	0	0	0	0	0	0	0	0	0
400171	魔力套裝	1	216	280	1	136	100	2	15003703	1	0	0	0	0	0	0	0	0	0	0	0	0	0	0	0	0	0	0	0	0	0	0	0	0	5	1	23	5	1	180	2	1	292	5	1	196	10	0	0	0	0	0	0	0	0	0	0	0	0
400181	敏捷套裝	1	216	280	1	136	100	2	15003707	1	0	0	0	0	0	0	0	0	0	0	0	0	0	0	0	0	0	0	0	0	0	0	0	0	5	1	19	5	1	184	2	1	188	2	1	192	10	0	0	0	0	0	0	0	0	0	0	0	0
400201	強化火焰套裝	1	216	170	1	30	130	1	34	120	0	0	0	0	0	0	0	0	0	0	0	0	0	0	0	0	0	0	0	0	0	0	0	0	5	1	158	4	1	164	4	2	15003721	1	2	15003722	1	0	0	0	0	0	0	0	0	0	0	0	0
400203	紅寶石套裝	1	216	50	1	30	50	1	176	1	0	0	0	0	0	0	0	0	0	0	0	0	0	0	0	0	0	0	0	0	0	0	0	0	5	1	14	10	1	26	10	1	90	5	1	94	5	0	0	0	0	0	0	0	0	0	0	0	0
400204	藍寶石套裝	1	216	50	1	34	30	1	184	1	0	0	0	0	0	0	0	0	0	0	0	0	0	0	0	0	0	0	0	0	0	0	0	0	5	1	22	10	1	18	10	1	156	5	1	162	5	0	0	0	0	0	0	0	0	0	0	0	0
400205	強化山水紋套裝	1	216	230	1	184	10	1	30	200	0	0	0	0	0	0	0	0	0	0	0	0	0	0	0	0	0	0	0	0	0	0	0	0	5	1	132	10	2	15003725	1	2	15003726	1	2	15003727	1	0	0	0	0	0	0	0	0	0	0	0	0
400206	強化法老套裝	1	216	300	1	106	15	1	30	250	0	0	0	0	0	0	0	0	0	0	0	0	0	0	0	0	0	0	0	0	0	0	0	0	5	1	156	30	1	162	30	2	15003731	1	2	15003732	1	0	0	0	0	0	0	0	0	0	0	0	0
400202	強化冰霜套裝	1	216	400	1	30	400	1	18	50	0	0	0	0	0	0	0	0	0	0	0	0	0	0	0	0	0	0	0	0	0	0	0	0	5	2	15003721	1	1	136	430	1	244	40	2	15003722	1	0	0	0	0	0	0	0	0	0	0	0	0
3004251	呂布套裝	1	27	2	0	0	0	0	0	0	0	0	0	0	0	0	0	0	0	0	0	0	0	0	0	0	0	0	0	0	0	0	0	0	5	1	106	15	2	19000701	1	0	0	0	0	0	0	0	0	0	0	0	0	0	0	0	0	0	0
3004252	貂蟬套裝	1	27	2	0	0	0	0	0	0	0	0	0	0	0	0	0	0	0	0	0	0	0	0	0	0	0	0	0	0	0	0	0	0	4	1	106	15	2	19000702	1	0	0	0	0	0	0	0	0	0	0	0	0	0	0	0	0	0	0
3004253	諸葛孔明套裝	1	27	2	0	0	0	0	0	0	0	0	0	0	0	0	0	0	0	0	0	0	0	0	0	0	0	0	0	0	0	0	0	0	3	1	106	15	2	19000703	1	0	0	0	0	0	0	0	0	0	0	0	0	0	0	0	0	0	0
300979	白鼠套裝	1	34	300	1	30	300	0	0	0	0	0	0	0	0	0	0	0	0	0	0	0	0	0	0	0	0	0	0	0	0	0	0	0	4	1	132	10	1	128	30	1	19	7	0	0	0	0	0	0	0	0	0	0	0	0	0	0	0
3004254	情人節套裝	0	0	0	0	0	0	0	0	0	0	0	0	0	0	0	0	0	0	0	0	0	0	0	0	0	0	0	0	0	0	0	0	0	3	2	19000704	1	0	0	0	0	0	0	0	0	0	0	0	0	0	0	0	0	0	0	0	0	0
300977	不良哈士奇套裝	1	0	0	0	0	0	0	0	0	0	0	0	0	0	0	0	0	0	0	0	0	0	0	0	0	0	0	0	0	0	0	0	0	4	1	124	20	0	0	0	0	0	0	0	0	0	0	0	0	0	0	0	0	0	0	0	0	0
300978	可愛兔子套裝	1	0	0	0	0	0	0	0	0	0	0	0	0	0	0	0	0	0	0	0	0	0	0	0	0	0	0	0	0	0	0	0	0	4	1	124	20	0	0	0	0	0	0	0	0	0	0	0	0	0	0	0	0	0	0	0	0	0
300433	星座套裝	0	0	0	0	0	0	0	0	0	0	0	0	0	0	0	0	0	0	0	0	0	0	0	0	0	0	0	0	0	0	0	0	0	2	1	124	3	0	0	0	0	0	0	0	0	0	0	0	0	0	0	0	0	0	0	0	0	0
300618	雪狸貓套裝	0	0	0	0	0	0	0	0	0	0	0	0	0	0	0	0	0	0	0	0	0	0	0	0	0	0	0	0	0	0	0	0	0	3	2	19000902	1	0	0	0	0	0	0	0	0	0	0	0	0	0	0	0	0	0	0	0	0	0
400152	復仇者套裝	1	216	300	1	136	100	2	15003705	1	0	0	0	0	0	0	0	0	0	0	0	0	0	0	0	0	0	0	0	0	0	0	0	0	5	1	15	10	1	176	5	1	156	15	1	148	5	0	0	0	0	0	0	0	0	0	0	0	0
400162	審判者套裝	1	216	350	1	136	100	2	15003701	1	0	0	0	0	0	0	0	0	0	0	0	0	0	0	0	0	0	0	0	0	0	0	0	0	5	1	27	10	1	176	5	1	156	15	1	148	5	0	0	0	0	0	0	0	0	0	0	0	0
400172	博學者套裝	1	216	280	1	136	100	2	15003703	1	0	0	0	0	0	0	0	0	0	0	0	0	0	0	0	0	0	0	0	0	0	0	0	0	5	1	23	10	1	180	5	1	162	15	1	292	5	0	0	0	0	0	0	0	0	0	0	0	0
400182	追風者套裝	1	216	280	1	136	100	2	15003707	1	0	0	0	0	0	0	0	0	0	0	0	0	0	0	0	0	0	0	0	0	0	0	0	0	5	1	19	10	1	176	5	1	156	15	1	148	5	0	0	0	0	0	0	0	0	0	0	0	0
3004255	格鬥家套裝	0	0	0	0	0	0	0	0	0	0	0	0	0	0	0	0	0	0	0	0	0	0	0	0	0	0	0	0	0	0	0	0	0	2	1	216	300	1	389	10	0	0	0	0	0	0	0	0	0	0	0	0	0	0	0	0	0	0
300975	喜悅套裝	0	0	0	0	0	0	0	0	0	0	0	0	0	0	0	0	0	0	0	0	0	0	0	0	0	0	0	0	0	0	0	0	0	4	1	124	20	1	23	5	0	0	0	0	0	0	0	0	0	0	0	0	0	0	0	0	0	0
300974	威利套裝	0	0	0	0	0	0	0	0	0	0	0	0	0	0	0	0	0	0	0	0	0	0	0	0	0	0	0	0	0	0	0	0	0	5	1	124	20	1	19	5	0	0	0	0	0	0	0	0	0	0	0	0	0	0	0	0	0	0
300970	野性套裝	0	0	0	0	0	0	0	0	0	0	0	0	0	0	0	0	0	0	0	0	0	0	0	0	0	0	0	0	0	0	0	0	0	4	1	124	20	1	15	5	0	0	0	0	0	0	0	0	0	0	0	0	0	0	0	0	0	0
300969	虔誠套裝	0	0	0	0	0	0	0	0	0	0	0	0	0	0	0	0	0	0	0	0	0	0	0	0	0	0	0	0	0	0	0	0	0	5	1	124	20	1	27	5	0	0	0	0	0	0	0	0	0	0	0	0	0	0	0	0	0	0
400966	暑假套裝	0	0	0	0	0	0	0	0	0	0	0	0	0	0	0	0	0	0	0	0	0	0	0	0	0	0	0	0	0	0	0	0	0	5	1	124	5	0	0	0	0	0	0	0	0	0	0	0	0	0	0	0	0	0	0	0	0	0
400967	暑假套裝+1	0	0	0	0	0	0	0	0	0	0	0	0	0	0	0	0	0	0	0	0	0	0	0	0	0	0	0	0	0	0	0	0	0	5	1	124	5	1	132	5	0	0	0	0	0	0	0	0	0	0	0	0	0	0	0	0	0	0
400968	暑假套裝+2	0	0	0	0	0	0	0	0	0	0	0	0	0	0	0	0	0	0	0	0	0	0	0	0	0	0	0	0	0	0	0	0	0	5	1	124	5	1	132	5	1	128	100	0	0	0	0	0	0	0	0	0	0	0	0	0	0	0
400969	暑假套裝+3	0	0	0	0	0	0	0	0	0	0	0	0	0	0	0	0	0	0	0	0	0	0	0	0	0	0	0	0	0	0	0	0	0	5	1	124	5	1	132	5	1	128	100	1	136	100	0	0	0	0	0	0	0	0	0	0	0	0
400207	格鬥套裝	1	216	300	1	114	10	2	15003705	1	0	0	0	0	0	0	0	0	0	0	0	0	0	0	0	0	0	0	0	0	0	0	0	0	5	1	15	10	1	176	5	1	156	15	1	148	5	0	0	0	0	0	0	0	0	0	0	0	0
400208	格鬥魔法套裝	1	216	300	1	114	10	2	15003705	1	0	0	0	0	0	0	0	0	0	0	0	0	0	0	0	0	0	0	0	0	0	0	0	0	5	1	23	10	1	180	5	1	162	15	1	292	5	0	0	0	0	0	0	0	0	0	0	0	0
500000	婚姻套裝	2	13010001	0	0	0	0	0	0	0	0	0	0	0	0	0	0	0	0	0	0	0	0	0	0	0	0	0	0	0	0	0	0	0	2	0	0	0	0	0	0	0	0	0	0	0	0	0	0	0	0	0	0	0	0	0	0	0	0
300963	技術套裝	0	0	0	0	0	0	0	0	0	0	0	0	0	0	0	0	0	0	0	0	0	0	0	0	0	0	0	0	0	0	0	0	0	5	1	124	20	1	15	3	1	27	2	0	0	0	0	0	0	0	0	0	0	0	0	0	0	0
400191	機甲套裝	1	216	300	1	136	100	2	15003705	1	0	0	0	0	0	0	0	0	0	0	0	0	0	0	0	0	0	0	0	0	0	0	0	0	5	1	30	500	1	158	2	1	148	10	1	144	10	0	0	0	0	0	0	0	0	0	0	0	0
400192	MG套裝	1	216	500	1	136	100	2	15003705	1	0	0	0	0	0	0	0	0	0	0	0	0	0	0	0	0	0	0	0	0	0	0	0	0	5	1	30	900	1	148	10	1	144	20	1	156	15	0	0	0	0	0	0	0	0	0	0	0	0
100305	魯道夫套裝	0	0	0	0	0	0	0	0	0	0	0	0	0	0	0	0	0	0	0	0	0	0	0	0	0	0	0	0	0	0	0	0	0	2	1	156	20	1	158	3	1	164	3	1	162	20	0	0	0	0	0	0	0	0	0	0	0	0
100306	魯道夫套裝	0	0	0	0	0	0	0	0	0	0	0	0	0	0	0	0	0	0	0	0	0	0	0	0	0	0	0	0	0	0	0	0	0	3	1	124	9	1	132	10	0	0	0	0	0	0	0	0	0	0	0	0	0	0	0	0	0	0
300461	Football Set	1	30	300	1	34	300	0	0	0	0	0	0	0	0	0	0	0	0	0	0	0	0	0	0	0	0	0	0	0	0	0	0	0	4	1	14	20	1	18	20	1	156	5	1	162	5	0	0	0	0	0	0	0	0	0	0	0	0
300699	Cheerleader Set	1	34	300	0	0	0	0	0	0	0	0	0	0	0	0	0	0	0	0	0	0	0	0	0	0	0	0	0	0	0	0	0	0	3	1	26	20	1	18	20	1	156	5	1	162	5	0	0	0	0	0	0	0	0	0	0	0	0
300469	Basketball Set	1	34	300	0	0	0	0	0	0	0	0	0	0	0	0	0	0	0	0	0	0	0	0	0	0	0	0	0	0	0	0	0	0	4	1	176	5	1	180	5	1	184	7	1	188	7	0	0	0	0	0	0	0	0	0	0	0	0
300470	Basketball Set	1	34	300	0	0	0	0	0	0	0	0	0	0	0	0	0	0	0	0	0	0	0	0	0	0	0	0	0	0	0	0	0	0	4	1	176	5	1	180	5	1	184	7	1	188	7	0	0	0	0	0	0	0	0	0	0	0	0
300468	Hockey Set	1	30	300	1	34	300	0	0	0	0	0	0	0	0	0	0	0	0	0	0	0	0	0	0	0	0	0	0	0	0	0	0	0	4	1	176	5	1	180	5	1	106	10	0	0	0	0	0	0	0	0	0	0	0	0	0	0	0
300467	Hockey Set	1	30	300	1	34	300	0	0	0	0	0	0	0	0	0	0	0	0	0	0	0	0	0	0	0	0	0	0	0	0	0	0	0	4	1	176	5	1	180	5	1	106	10	0	0	0	0	0	0	0	0	0	0	0	0	0	0	0
100401	和平套裝	0	0	0	0	0	0	0	0	0	0	0	0	0	0	0	0	0	0	0	0	0	0	0	0	0	0	0	0	0	0	0	0	0	2	1	156	20	1	162	20	0	0	0	0	0	0	0	0	0	0	0	0	0	0	0	0	0	0
100402	淨化套裝	0	0	0	0	0	0	0	0	0	0	0	0	0	0	0	0	0	0	0	0	0	0	0	0	0	0	0	0	0	0	0	0	0	2	1	156	20	1	162	20	0	0	0	0	0	0	0	0	0	0	0	0	0	0	0	0	0	0
100403	墮落套裝	0	0	0	0	0	0	0	0	0	0	0	0	0	0	0	0	0	0	0	0	0	0	0	0	0	0	0	0	0	0	0	0	0	2	1	156	20	1	162	20	0	0	0	0	0	0	0	0	0	0	0	0	0	0	0	0	0	0
100501	地獄套裝	0	0	0	0	0	0	0	0	0	0	0	0	0	0	0	0	0	0	0	0	0	0	0	0	0	0	0	0	0	0	0	0	0	2	1	148	5	1	292	5	0	0	0	0	0	0	0	0	0	0	0	0	0	0	0	0	0	0
300651	聖誕套裝	0	0	0	0	0	0	0	0	0	0	0	0	0	0	0	0	0	0	0	0	0	0	0	0	0	0	0	0	0	0	0	0	0	4	1	124	10	1	128	30	0	0	0	0	0	0	0	0	0	0	0	0	0	0	0	0	0	0
300960	公會衣服套裝	0	0	0	0	0	0	0	0	0	0	0	0	0	0	0	0	0	0	0	0	0	0	0	0	0	0	0	0	0	0	0	0	0	2	1	30	200	1	34	200	0	0	0	0	0	0	0	0	0	0	0	0	0	0	0	0	0	0
300475	邁克爾套裝	1	136	50	1	124	25	0	0	0	0	0	0	0	0	0	0	0	0	0	0	0	0	0	0	0	0	0	0	0	0	0	0	0	6	1	158	3	1	164	3	1	156	20	1	162	20	0	0	0	0	0	0	0	0	0	0	0	0
300476	路西法套裝	1	136	50	1	124	25	0	0	0	0	0	0	0	0	0	0	0	0	0	0	0	0	0	0	0	0	0	0	0	0	0	0	0	6	1	158	3	1	164	3	1	156	20	1	162	20	0	0	0	0	0	0	0	0	0	0	0	0
300986	黑熊套裝	0	0	0	0	0	0	0	0	0	0	0	0	0	0	0	0	0	0	0	0	0	0	0	0	0	0	0	0	0	0	0	0	0	4	1	124	20	1	27	5	0	0	0	0	0	0	0	0	0	0	0	0	0	0	0	0	0	0
100208	力量的羅馬競技場套裝	1	15	10	2	15000413	1	1	110	-55	0	0	0	0	0	0	0	0	0	0	0	0	0	0	0	0	0	0	0	0	0	0	0	0	5	1	156	5	1	145	2	1	158	1	1	30	300	0	0	0	0	0	0	0	0	0	0	0	0
100218	力量的羅馬競技場套裝+1	1	15	11	2	15000413	2	1	110	-55	0	0	0	0	0	0	0	0	0	0	0	0	0	0	0	0	0	0	0	0	0	0	0	0	5	1	156	7	1	145	3	1	158	1	1	30	350	0	0	0	0	0	0	0	0	0	0	0	0
100228	力量的羅馬競技場套裝+2	1	15	12	2	15000413	3	1	110	-55	0	0	0	0	0	0	0	0	0	0	0	0	0	0	0	0	0	0	0	0	0	0	0	0	5	1	156	9	1	145	4	1	158	1	1	30	400	0	0	0	0	0	0	0	0	0	0	0	0
100238	力量的羅馬競技場套裝+3	1	15	13	2	15000413	4	1	110	-55	0	0	0	0	0	0	0	0	0	0	0	0	0	0	0	0	0	0	0	0	0	0	0	0	5	1	156	11	1	145	5	1	158	1	1	30	450	0	0	0	0	0	0	0	0	0	0	0	0
100248	力量的羅馬競技場套裝+4	1	15	14	2	15000413	5	1	110	-55	0	0	0	0	0	0	0	0	0	0	0	0	0	0	0	0	0	0	0	0	0	0	0	0	5	1	156	13	1	145	6	1	158	2	1	30	500	0	0	0	0	0	0	0	0	0	0	0	0
100258	力量的羅馬競技場套裝+5	1	15	15	2	15000413	6	1	110	-55	0	0	0	0	0	0	0	0	0	0	0	0	0	0	0	0	0	0	0	0	0	0	0	0	5	1	156	15	1	145	7	1	158	2	1	30	550	0	0	0	0	0	0	0	0	0	0	0	0
100268	力量的羅馬競技場套裝+6	1	15	16	2	15000413	7	1	110	-55	0	0	0	0	0	0	0	0	0	0	0	0	0	0	0	0	0	0	0	0	0	0	0	0	5	1	156	17	1	145	8	1	158	2	1	30	600	0	0	0	0	0	0	0	0	0	0	0	0
100278	力量的羅馬競技場套裝+7	1	15	17	2	15000413	8	1	110	-55	0	0	0	0	0	0	0	0	0	0	0	0	0	0	0	0	0	0	0	0	0	0	0	0	5	1	156	19	1	145	9	1	158	3	1	30	650	0	0	0	0	0	0	0	0	0	0	0	0
100288	力量的羅馬競技場套裝+8	1	15	18	2	15000413	9	1	110	-55	0	0	0	0	0	0	0	0	0	0	0	0	0	0	0	0	0	0	0	0	0	0	0	0	5	1	156	21	1	145	10	1	158	3	1	30	700	0	0	0	0	0	0	0	0	0	0	0	0
100308	魔力的羅馬競技場套裝	1	23	10	2	15000415	1	1	110	-55	0	0	0	0	0	0	0	0	0	0	0	0	0	0	0	0	0	0	0	0	0	0	0	0	5	1	162	5	1	145	2	1	164	1	1	30	300	0	0	0	0	0	0	0	0	0	0	0	0
100318	魔力的羅馬競技場套裝+1	1	23	11	2	15000415	2	1	110	-55	0	0	0	0	0	0	0	0	0	0	0	0	0	0	0	0	0	0	0	0	0	0	0	0	5	1	162	7	1	145	3	1	164	1	1	30	350	0	0	0	0	0	0	0	0	0	0	0	0
100328	魔力的羅馬競技場套裝+2	1	23	12	2	15000415	3	1	110	-55	0	0	0	0	0	0	0	0	0	0	0	0	0	0	0	0	0	0	0	0	0	0	0	0	5	1	162	9	1	145	4	1	164	1	1	30	400	0	0	0	0	0	0	0	0	0	0	0	0
100338	魔力的羅馬競技場套裝+3	1	23	13	2	15000415	4	1	110	-55	0	0	0	0	0	0	0	0	0	0	0	0	0	0	0	0	0	0	0	0	0	0	0	0	5	1	162	11	1	145	5	1	164	1	1	30	450	0	0	0	0	0	0	0	0	0	0	0	0
100348	魔力的羅馬競技場套裝+4	1	23	14	2	15000415	5	1	110	-55	0	0	0	0	0	0	0	0	0	0	0	0	0	0	0	0	0	0	0	0	0	0	0	0	5	1	162	13	1	145	6	1	164	2	1	30	500	0	0	0	0	0	0	0	0	0	0	0	0
100358	魔力的羅馬競技場套裝+5	1	23	15	2	15000415	6	1	110	-55	0	0	0	0	0	0	0	0	0	0	0	0	0	0	0	0	0	0	0	0	0	0	0	0	5	1	162	15	1	145	7	1	164	2	1	30	550	0	0	0	0	0	0	0	0	0	0	0	0
100368	魔力的羅馬競技場套裝+6	1	23	16	2	15000415	7	1	110	-55	0	0	0	0	0	0	0	0	0	0	0	0	0	0	0	0	0	0	0	0	0	0	0	0	5	1	162	17	1	145	8	1	164	2	1	30	600	0	0	0	0	0	0	0	0	0	0	0	0
100378	魔力的羅馬競技場套裝+7	1	23	17	2	15000415	8	1	110	-55	0	0	0	0	0	0	0	0	0	0	0	0	0	0	0	0	0	0	0	0	0	0	0	0	5	1	162	19	1	145	9	1	164	3	1	30	650	0	0	0	0	0	0	0	0	0	0	0	0
100388	魔力的羅馬競技場套裝+8	1	23	18	2	15000415	9	1	110	-55	0	0	0	0	0	0	0	0	0	0	0	0	0	0	0	0	0	0	0	0	0	0	0	0	5	1	162	21	1	145	10	1	164	3	1	30	700	0	0	0	0	0	0	0	0	0	0	0	0
100408	體力的羅馬競技場套裝	1	27	10	2	15000417	1	1	110	-55	0	0	0	0	0	0	0	0	0	0	0	0	0	0	0	0	0	0	0	0	0	0	0	0	5	1	156	5	1	145	2	1	158	1	1	30	300	0	0	0	0	0	0	0	0	0	0	0	0
100418	體力的羅馬競技場套裝+1	1	27	11	2	15000417	2	1	110	-55	0	0	0	0	0	0	0	0	0	0	0	0	0	0	0	0	0	0	0	0	0	0	0	0	5	1	156	7	1	145	3	1	158	1	1	30	350	0	0	0	0	0	0	0	0	0	0	0	0
100428	體力的羅馬競技場套裝+2	1	27	12	2	15000417	3	1	110	-55	0	0	0	0	0	0	0	0	0	0	0	0	0	0	0	0	0	0	0	0	0	0	0	0	5	1	156	9	1	145	4	1	158	1	1	30	400	0	0	0	0	0	0	0	0	0	0	0	0
100438	體力的羅馬競技場套裝+3	1	27	13	2	15000417	4	1	110	-55	0	0	0	0	0	0	0	0	0	0	0	0	0	0	0	0	0	0	0	0	0	0	0	0	5	1	156	11	1	145	5	1	158	1	1	30	450	0	0	0	0	0	0	0	0	0	0	0	0
100448	體力的羅馬競技場套裝+4	1	27	14	2	15000417	5	1	110	-55	0	0	0	0	0	0	0	0	0	0	0	0	0	0	0	0	0	0	0	0	0	0	0	0	5	1	156	13	1	145	6	1	158	2	1	30	500	0	0	0	0	0	0	0	0	0	0	0	0
100458	體力的羅馬競技場套裝+5	1	27	15	2	15000417	6	1	110	-55	0	0	0	0	0	0	0	0	0	0	0	0	0	0	0	0	0	0	0	0	0	0	0	0	5	1	156	15	1	145	7	1	158	2	1	30	550	0	0	0	0	0	0	0	0	0	0	0	0
100468	體力的羅馬競技場套裝+6	1	27	16	2	15000417	7	1	110	-55	0	0	0	0	0	0	0	0	0	0	0	0	0	0	0	0	0	0	0	0	0	0	0	0	5	1	156	17	1	145	8	1	158	2	1	30	600	0	0	0	0	0	0	0	0	0	0	0	0
100478	體力的羅馬競技場套裝+7	1	27	17	2	15000417	8	1	110	-55	0	0	0	0	0	0	0	0	0	0	0	0	0	0	0	0	0	0	0	0	0	0	0	0	5	1	156	19	1	145	9	1	158	3	1	30	650	0	0	0	0	0	0	0	0	0	0	0	0
100488	體力的羅馬競技場套裝+8	1	27	18	2	15000417	9	1	110	-55	0	0	0	0	0	0	0	0	0	0	0	0	0	0	0	0	0	0	0	0	0	0	0	0	5	1	156	21	1	145	10	1	158	3	1	30	700	0	0	0	0	0	0	0	0	0	0	0	0
100508	幸運的羅馬競技場套裝	1	19	10	2	15000419	1	1	110	-55	0	0	0	0	0	0	0	0	0	0	0	0	0	0	0	0	0	0	0	0	0	0	0	0	5	1	156	5	1	145	2	1	158	1	1	30	300	0	0	0	0	0	0	0	0	0	0	0	0
100518	幸運的羅馬競技場套裝+1	1	19	11	2	15000419	2	1	110	-55	0	0	0	0	0	0	0	0	0	0	0	0	0	0	0	0	0	0	0	0	0	0	0	0	5	1	156	7	1	145	3	1	158	1	1	30	350	0	0	0	0	0	0	0	0	0	0	0	0
100528	幸運的羅馬競技場套裝+2	1	19	12	2	15000419	3	1	110	-55	0	0	0	0	0	0	0	0	0	0	0	0	0	0	0	0	0	0	0	0	0	0	0	0	5	1	156	9	1	145	4	1	158	1	1	30	400	0	0	0	0	0	0	0	0	0	0	0	0
100538	幸運的羅馬競技場套裝+3	1	19	13	2	15000419	4	1	110	-55	0	0	0	0	0	0	0	0	0	0	0	0	0	0	0	0	0	0	0	0	0	0	0	0	5	1	156	11	1	145	5	1	158	1	1	30	450	0	0	0	0	0	0	0	0	0	0	0	0
100548	幸運的羅馬競技場套裝+4	1	19	14	2	15000419	5	1	110	-55	0	0	0	0	0	0	0	0	0	0	0	0	0	0	0	0	0	0	0	0	0	0	0	0	5	1	156	13	1	145	6	1	158	2	1	30	500	0	0	0	0	0	0	0	0	0	0	0	0
100558	幸運的羅馬競技場套裝+5	1	19	15	2	15000419	6	1	110	-55	0	0	0	0	0	0	0	0	0	0	0	0	0	0	0	0	0	0	0	0	0	0	0	0	5	1	156	15	1	145	7	1	158	2	1	30	550	0	0	0	0	0	0	0	0	0	0	0	0
100568	幸運的羅馬競技場套裝+6	1	19	16	2	15000419	7	1	110	-55	0	0	0	0	0	0	0	0	0	0	0	0	0	0	0	0	0	0	0	0	0	0	0	0	5	1	156	17	1	145	8	1	158	2	1	30	600	0	0	0	0	0	0	0	0	0	0	0	0
100578	幸運的羅馬競技場套裝+7	1	19	17	2	15000419	8	1	110	-55	0	0	0	0	0	0	0	0	0	0	0	0	0	0	0	0	0	0	0	0	0	0	0	0	5	1	156	19	1	145	9	1	158	3	1	30	650	0	0	0	0	0	0	0	0	0	0	0	0
100588	幸運的羅馬競技場套裝+8	1	19	18	2	15000419	9	1	110	-55	0	0	0	0	0	0	0	0	0	0	0	0	0	0	0	0	0	0	0	0	0	0	0	0	5	1	156	21	1	145	10	1	158	3	1	30	700	0	0	0	0	0	0	0	0	0	0	0	0
100004	力量的羅馬競技場套裝	1	14	50	1	30	300	0	0	0	0	0	0	0	0	0	0	0	0	0	0	0	0	0	0	0	0	0	0	0	0	0	0	0	3	1	90	7	0	0	0	0	0	0	0	0	0	0	0	0	0	0	0	0	0	0	0	0	0
100005	體力的羅馬競技場套裝	1	26	50	1	30	300	0	0	0	0	0	0	0	0	0	0	0	0	0	0	0	0	0	0	0	0	0	0	0	0	0	0	0	3	1	90	7	0	0	0	0	0	0	0	0	0	0	0	0	0	0	0	0	0	0	0	0	0
100006	魔力的羅馬競技場套裝	1	22	50	1	30	300	0	0	0	0	0	0	0	0	0	0	0	0	0	0	0	0	0	0	0	0	0	0	0	0	0	0	0	3	1	98	7	0	0	0	0	0	0	0	0	0	0	0	0	0	0	0	0	0	0	0	0	0
100007	幸運的羅馬競技場套裝	1	18	50	1	30	300	0	0	0	0	0	0	0	0	0	0	0	0	0	0	0	0	0	0	0	0	0	0	0	0	0	0	0	3	1	90	7	0	0	0	0	0	0	0	0	0	0	0	0	0	0	0	0	0	0	0	0	0
100008	上級力量的羅馬競技場套裝	1	14	100	1	30	600	0	0	0	0	0	0	0	0	0	0	0	0	0	0	0	0	0	0	0	0	0	0	0	0	0	0	0	3	1	90	10	0	0	0	0	0	0	0	0	0	0	0	0	0	0	0	0	0	0	0	0	0
100009	上級體力的羅馬競技場套裝	1	26	100	1	30	600	0	0	0	0	0	0	0	0	0	0	0	0	0	0	0	0	0	0	0	0	0	0	0	0	0	0	0	3	1	90	10	0	0	0	0	0	0	0	0	0	0	0	0	0	0	0	0	0	0	0	0	0
100010	上級魔力的羅馬競技場套裝	1	22	100	1	30	600	0	0	0	0	0	0	0	0	0	0	0	0	0	0	0	0	0	0	0	0	0	0	0	0	0	0	0	3	1	98	10	0	0	0	0	0	0	0	0	0	0	0	0	0	0	0	0	0	0	0	0	0
100011	上級幸運的羅馬競技場套裝	1	18	100	1	30	600	0	0	0	0	0	0	0	0	0	0	0	0	0	0	0	0	0	0	0	0	0	0	0	0	0	0	0	3	1	90	10	0	0	0	0	0	0	0	0	0	0	0	0	0	0	0	0	0	0	0	0	0
300480	米哥安套裝	0	0	0	0	0	0	0	0	0	0	0	0	0	0	0	0	0	0	0	0	0	0	0	0	0	0	0	0	0	0	0	0	0	5	1	124	20	1	128	20	1	156	15	1	162	15	0	0	0	0	0	0	0	0	0	0	0	0
300482	貝爾柯特套裝	0	0	0	0	0	0	0	0	0	0	0	0	0	0	0	0	0	0	0	0	0	0	0	0	0	0	0	0	0	0	0	0	0	6	1	124	20	1	128	20	1	156	15	1	162	15	0	0	0	0	0	0	0	0	0	0	0	0
300477	開拓者套裝	0	0	0	0	0	0	0	0	0	0	0	0	0	0	0	0	0	0	0	0	0	0	0	0	0	0	0	0	0	0	0	0	0	7	1	124	20	1	128	20	1	156	15	1	162	15	0	0	0	0	0	0	0	0	0	0	0	0
100012	愛麗絲套裝	0	0	0	0	0	0	0	0	0	0	0	0	0	0	0	0	0	0	0	0	0	0	0	0	0	0	0	0	0	0	0	0	0	3	1	124	5	1	132	5	0	0	0	0	0	0	0	0	0	0	0	0	0	0	0	0	0	0
300120	暴風監視者裝飾套裝	0	0	0	0	0	0	0	0	0	0	0	0	0	0	0	0	0	0	0	0	0	0	0	0	0	0	0	0	0	0	0	0	0	5	1	28	200	1	94	10	1	102	10	0	0	0	0	0	0	0	0	0	0	0	0	0	0	0
3001202	無限迴廊裝飾套裝	0	0	0	0	0	0	0	0	0	0	0	0	0	0	0	0	0	0	0	0	0	0	0	0	0	0	0	0	0	0	0	0	0	5	1	32	200	1	158	1	1	164	1	0	0	0	0	0	0	0	0	0	0	0	0	0	0	0
3004822	粉色啦啦隊套裝	0	0	0	0	0	0	0	0	0	0	0	0	0	0	0	0	0	0	0	0	0	0	0	0	0	0	0	0	0	0	0	0	0	6	1	140	50	1	240	50	1	156	10	1	162	10	0	0	0	0	0	0	0	0	0	0	0	0
100211	發光的其卡斯的火焰套裝	1	30	200	1	55	60	1	27	10	1	18	100	1	144	12	1	110	-55	1	124	1	0	0	0	0	0	0	0	0	0	0	0	0	8	1	156	10	1	162	10	1	158	2	1	164	2	0	0	0	0	0	0	0	0	0	0	0	0
100221	閃亮的蛇龍其卡斯大地的套裝	1	30	400	1	55	144	1	27	20	1	18	150	1	144	3	1	110	-55	1	124	2	0	0	0	0	0	0	0	0	0	0	0	0	8	1	156	20	1	162	20	1	158	3	1	164	3	0	0	0	0	0	0	0	0	0	0	0	0
100212	發光的卡妙的冰霜套裝	1	30	500	1	55	180	1	27	25	1	18	200	1	144	37	1	110	-55	1	124	2	0	0	0	0	0	0	0	0	0	0	0	0	8	1	156	25	1	162	25	1	158	4	1	164	4	0	0	0	0	0	0	0	0	0	0	0	0
100222	閃亮的卡妙的冰霜套裝	1	30	1000	1	55	228	1	27	30	1	18	300	1	144	47	1	110	-55	1	124	3	0	0	0	0	0	0	0	0	0	0	0	0	8	1	156	30	1	162	30	1	158	5	1	164	5	0	0	0	0	0	0	0	0	0	0	0	0
300506	棒球套裝	0	0	0	0	0	0	0	0	0	0	0	0	0	0	0	0	0	0	0	0	0	0	0	0	0	0	0	0	0	0	0	0	0	7	2	19000309	1	0	0	0	0	0	0	0	0	0	0	0	0	0	0	0	0	0	0	0	0	0
100223	終結者的暗黑套裝	1	15	22	2	59001277	1	1	216	300	1	30	3000	1	110	-55	1	90	15	1	176	10	1	148	15	0	0	0	0	0	0	0	0	0	9	2	21014007	1	1	156	25	1	158	4	1	94	10	0	0	0	0	0	0	0	0	0	0	0	0
100224	守護者的暗黑套裝	1	27	22	2	59001281	1	1	216	300	1	26	150	1	110	-55	1	90	15	1	140	150	1	148	15	0	0	0	0	0	0	0	0	0	9	2	21014007	1	1	156	25	1	158	4	1	94	10	0	0	0	0	0	0	0	0	0	0	0	0
100225	幻想的暗黑套裝	1	23	22	2	59001279	1	1	216	300	1	30	3000	1	110	-55	1	98	15	1	180	10	1	292	15	0	0	0	0	0	0	0	0	0	9	2	21014007	1	1	162	25	1	164	4	1	102	10	0	0	0	0	0	0	0	0	0	0	0	0
100226	幸運的暗黑套裝	1	19	22	2	59001283	1	1	216	300	1	30	3000	1	110	-55	1	90	15	1	176	10	1	148	15	0	0	0	0	0	0	0	0	0	9	2	21014007	1	1	156	25	1	158	4	1	94	10	0	0	0	0	0	0	0	0	0	0	0	0
100227	共存的暗黑套裝	1	31	12	2	59001281	1	1	216	300	1	26	150	1	110	-55	1	90	15	1	140	150	1	148	15	0	0	0	0	0	0	0	0	0	9	2	21014007	1	1	156	25	1	158	4	1	94	10	0	0	0	0	0	0	0	0	0	0	0	0
100229	終結者的紅焰套裝	1	15	20	2	59001277	1	1	216	200	1	30	2500	1	110	-55	1	148	10	1	140	100	0	0	0	0	0	0	0	0	0	0	0	0	8	2	19000311	1	1	156	20	1	158	3	0	0	0	0	0	0	0	0	0	0	0	0	0	0	0
100230	守護者的紅焰套裝	1	27	20	2	59001281	1	1	216	200	1	26	100	1	110	-55	1	148	10	1	140	100	0	0	0	0	0	0	0	0	0	0	0	0	8	2	19000311	1	1	156	20	1	158	3	0	0	0	0	0	0	0	0	0	0	0	0	0	0	0
100231	幻想的紅焰套裝	1	23	20	2	59001279	1	1	216	200	1	30	2500	1	110	-55	1	292	10	1	240	100	0	0	0	0	0	0	0	0	0	0	0	0	8	2	19000311	1	1	162	20	1	164	3	0	0	0	0	0	0	0	0	0	0	0	0	0	0	0
100232	幸運的紅焰套裝	1	19	20	2	59001283	1	1	216	200	1	30	2500	1	110	-55	1	148	10	1	140	100	0	0	0	0	0	0	0	0	0	0	0	0	8	2	19000311	1	1	156	20	1	158	3	0	0	0	0	0	0	0	0	0	0	0	0	0	0	0
100233	共存的紅焰套裝	1	31	10	2	59001281	1	1	216	200	1	26	100	1	110	-55	1	148	10	1	140	100	0	0	0	0	0	0	0	0	0	0	0	0	8	2	19000311	1	1	156	20	1	158	3	0	0	0	0	0	0	0	0	0	0	0	0	0	0	0
300123	貝爾法裝飾套裝	0	0	0	0	0	0	0	0	0	0	0	0	0	0	0	0	0	0	0	0	0	0	0	0	0	0	0	0	0	0	0	0	0	5	1	30	300	1	94	10	1	102	10	1	148	1	0	0	0	0	0	0	0	0	0	0	0	0
3001232	銀色腳趾裝飾套裝	0	0	0	0	0	0	0	0	0	0	0	0	0	0	0	0	0	0	0	0	0	0	0	0	0	0	0	0	0	0	0	0	0	5	1	34	300	1	156	3	1	162	3	1	217	2	0	0	0	0	0	0	0	0	0	0	0	0
100234	發光的玄武的山水紋紋套裝	1	30	300	1	55	100	1	27	15	1	18	130	1	144	20	1	110	-55	1	124	2	0	0	0	0	0	0	0	0	0	0	0	0	8	1	156	15	1	162	15	1	158	3	1	164	3	0	0	0	0	0	0	0	0	0	0	0	0
100235	發光的獅身人的法老套裝	1	30	450	1	55	180	1	27	23	1	18	250	1	144	35	1	110	-55	1	124	2	0	0	0	0	0	0	0	0	0	0	0	0	8	1	156	23	1	162	23	1	158	4	1	164	4	0	0	0	0	0	0	0	0	0	0	0	0
300512	騎白馬套裝	1	34	300	1	30	300	1	136	200	0	0	0	0	0	0	0	0	0	0	0	0	0	0	0	0	0	0	0	0	0	0	0	0	5	1	132	10	1	128	30	1	19	7	0	0	0	0	0	0	0	0	0	0	0	0	0	0	0
300465	兔年可愛迷你兔子套裝	1	34	300	1	30	300	1	136	200	0	0	0	0	0	0	0	0	0	0	0	0	0	0	0	0	0	0	0	0	0	0	0	0	5	1	132	10	1	128	30	1	19	7	0	0	0	0	0	0	0	0	0	0	0	0	0	0	0
300483	滑冰選手套裝	0	0	0	0	0	0	0	0	0	0	0	0	0	0	0	0	0	0	0	0	0	0	0	0	0	0	0	0	0	0	0	0	0	0	0	0	0	0	0	0	0	0	0	0	0	0	0	0	0	0	0	0	0	0	0	0	0	0
100013	愛麗絲的寶石套裝	0	0	0	0	0	0	0	0	0	0	0	0	0	0	0	0	0	0	0	0	0	0	0	0	0	0	0	0	0	0	0	0	0	3	1	124	3	1	132	3	0	0	0	0	0	0	0	0	0	0	0	0	0	0	0	0	0	0
300484	無線機器套裝	0	0	0	0	0	0	0	0	0	0	0	0	0	0	0	0	0	0	0	0	0	0	0	0	0	0	0	0	0	0	0	0	0	0	0	0	0	0	0	0	0	0	0	0	0	0	0	0	0	0	0	0	0	0	0	0	0	0
300485	??? ???	0	0	0	0	0	0	0	0	0	0	0	0	0	0	0	0	0	0	0	0	0	0	0	0	0	0	0	0	0	0	0	0	0	0	0	0	0	0	0	0	0	0	0	0	0	0	0	0	0	0	0	0	0	0	0	0	0	0
100236	英雄和魔女套裝	0	0	0	0	0	0	0	0	0	0	0	0	0	0	0	0	0	0	0	0	0	0	0	0	0	0	0	0	0	0	0	0	0	2	1	106	20	0	0	0	0	0	0	0	0	0	0	0	0	0	0	0	0	0	0	0	0	0
100237	眩惑的魔女套裝	0	0	0	0	0	0	0	0	0	0	0	0	0	0	0	0	0	0	0	0	0	0	0	0	0	0	0	0	0	0	0	0	0	2	2	13011401	1	1	30	500	0	0	0	0	0	0	0	0	0	0	0	0	0	0	0	0	0	0
100240	英雄王的氣概套裝	0	0	0	0	0	0	0	0	0	0	0	0	0	0	0	0	0	0	0	0	0	0	0	0	0	0	0	0	0	0	0	0	0	2	1	465	1	1	464	10	0	0	0	0	0	0	0	0	0	0	0	0	0	0	0	0	0	0
100239	英雄王的寶石套裝	0	0	0	0	0	0	0	0	0	0	0	0	0	0	0	0	0	0	0	0	0	0	0	0	0	0	0	0	0	0	0	0	0	4	1	456	5	0	0	0	0	0	0	0	0	0	0	0	0	0	0	0	0	0	0	0	0	0
300486	福爾摩斯套裝	0	0	0	0	0	0	0	0	0	0	0	0	0	0	0	0	0	0	0	0	0	0	0	0	0	0	0	0	0	0	0	0	0	0	0	0	0	0	0	0	0	0	0	0	0	0	0	0	0	0	0	0	0	0	0	0	0	0
300487	狂野套裝	0	0	0	0	0	0	0	0	0	0	0	0	0	0	0	0	0	0	0	0	0	0	0	0	0	0	0	0	0	0	0	0	0	0	0	0	0	0	0	0	0	0	0	0	0	0	0	0	0	0	0	0	0	0	0	0	0	0
300488	母雞套裝	0	0	0	0	0	0	0	0	0	0	0	0	0	0	0	0	0	0	0	0	0	0	0	0	0	0	0	0	0	0	0	0	0	4	1	114	30	1	118	30	1	106	10	0	0	0	0	0	0	0	0	0	0	0	0	0	0	0
9010001	路易卡通套裝	0	0	0	0	0	0	0	0	0	0	0	0	0	0	0	0	0	0	0	0	0	0	0	0	0	0	0	0	0	0	0	0	0	0	0	0	0	0	0	0	0	0	0	0	0	0	0	0	0	0	0	0	0	0	0	0	0	0
300962	黑暗教徒套裝	0	0	0	0	0	0	0	0	0	0	0	0	0	0	0	0	0	0	0	0	0	0	0	0	0	0	0	0	0	0	0	0	0	3	1	124	20	1	23	5	0	0	0	0	0	0	0	0	0	0	0	0	0	0	0	0	0	0
9010002	愛心套裝	0	0	0	0	0	0	0	0	0	0	0	0	0	0	0	0	0	0	0	0	0	0	0	0	0	0	0	0	0	0	0	0	0	0	0	0	0	0	0	0	0	0	0	0	0	0	0	0	0	0	0	0	0	0	0	0	0	0
400133	覺醒的套裝	1	216	280	1	136	100	2	15003703	1	0	0	0	0	0	0	0	0	0	0	0	0	0	0	0	0	0	0	0	0	0	0	0	0	5	1	23	5	1	180	2	1	292	5	1	196	10	0	0	0	0	0	0	0	0	0	0	0	0
400134	歡喜的套裝	1	216	280	1	136	100	2	15003703	1	0	0	0	0	0	0	0	0	0	0	0	0	0	0	0	0	0	0	0	0	0	0	0	0	5	1	23	10	1	180	5	1	162	15	1	292	5	0	0	0	0	0	0	0	0	0	0	0	0
400135	靈魂的紅焰套裝	1	23	20	2	59001279	1	1	216	200	1	30	2500	1	110	-55	1	292	10	1	240	100	0	0	0	0	0	0	0	0	0	0	0	0	8	2	19000311	1	1	162	20	1	164	3	0	0	0	0	0	0	0	0	0	0	0	0	0	0	0
400136	黑暗的德古氏靈魂套裝	1	23	22	2	59001279	1	1	216	300	1	30	3000	1	110	-55	1	98	15	1	180	10	1	292	15	0	0	0	0	0	0	0	0	0	9	2	21014007	1	1	162	25	1	164	4	1	102	10	0	0	0	0	0	0	0	0	0	0	0	0
300489	馬仔套裝	0	0	0	0	0	0	0	0	0	0	0	0	0	0	0	0	0	0	0	0	0	0	0	0	0	0	0	0	0	0	0	0	0	2	1	106	5	1	114	5	1	118	5	0	0	0	0	0	0	0	0	0	0	0	0	0	0	0
300490	沙漠狐狸套裝	0	0	0	0	0	0	0	0	0	0	0	0	0	0	0	0	0	0	0	0	0	0	0	0	0	0	0	0	0	0	0	0	0	2	1	106	5	1	114	5	1	118	5	0	0	0	0	0	0	0	0	0	0	0	0	0	0	0
100014	莫恩的寶石套裝	0	0	0	0	0	0	0	0	0	0	0	0	0	0	0	0	0	0	0	0	0	0	0	0	0	0	0	0	0	0	0	0	0	3	1	124	3	1	132	3	0	0	0	0	0	0	0	0	0	0	0	0	0	0	0	0	0	0
400137	威風套裝	1	458	200	0	0	0	0	0	0	0	0	0	0	0	0	0	0	0	0	0	0	0	0	0	0	0	0	0	0	0	0	0	0	2	1	465	1	1	140	200	1	240	200	1	30	400	0	0	0	0	0	0	0	0	0	0	0	0
400209	戰鬥寶石套裝 1Type	0	0	0	0	0	0	0	0	0	0	0	0	0	0	0	0	0	0	0	0	0	0	0	0	0	0	0	0	0	0	0	0	0	9	1	30	500	1	34	1000	1	106	10	0	0	0	0	0	0	0	0	0	0	0	0	0	0	0
400210	戰鬥寶石套裝 2Type	0	0	0	0	0	0	0	0	0	0	0	0	0	0	0	0	0	0	0	0	0	0	0	0	0	0	0	0	0	0	0	0	0	4	2	13011402	1	1	455	100	0	0	0	0	0	0	0	0	0	0	0	0	0	0	0	0	0	0
300964	牡丹套裝	0	0	0	0	0	0	0	0	0	0	0	0	0	0	0	0	0	0	0	0	0	0	0	0	0	0	0	0	0	0	0	0	0	6	1	124	20	1	27	5	0	0	0	0	0	0	0	0	0	0	0	0	0	0	0	0	0	0
100015	雷比的寶石套裝	0	0	0	0	0	0	0	0	0	0	0	0	0	0	0	0	0	0	0	0	0	0	0	0	0	0	0	0	0	0	0	0	0	3	1	464	10	1	461	5	0	0	0	0	0	0	0	0	0	0	0	0	0	0	0	0	0	0
400211	姜太公套裝 1級	1	136	10	0	0	0	0	0	0	0	0	0	0	0	0	0	0	0	0	0	0	0	0	0	0	0	0	0	0	0	0	0	0	3	1	132	7	1	128	30	1	124	3	0	0	0	0	0	0	0	0	0	0	0	0	0	0	0
400212	姜太公套裝 2級	1	136	20	0	0	0	0	0	0	0	0	0	0	0	0	0	0	0	0	0	0	0	0	0	0	0	0	0	0	0	0	0	0	3	1	132	8	1	128	50	1	124	4	0	0	0	0	0	0	0	0	0	0	0	0	0	0	0
400213	姜太公套裝 3級	1	136	30	0	0	0	0	0	0	0	0	0	0	0	0	0	0	0	0	0	0	0	0	0	0	0	0	0	0	0	0	0	0	3	1	132	9	1	128	70	1	124	5	0	0	0	0	0	0	0	0	0	0	0	0	0	0	0
400214	姜太公套裝 4級	1	136	40	0	0	0	0	0	0	0	0	0	0	0	0	0	0	0	0	0	0	0	0	0	0	0	0	0	0	0	0	0	0	3	1	132	10	1	128	90	1	124	6	0	0	0	0	0	0	0	0	0	0	0	0	0	0	0
400215	姜太公套裝 5級	1	136	50	0	0	0	0	0	0	0	0	0	0	0	0	0	0	0	0	0	0	0	0	0	0	0	0	0	0	0	0	0	0	3	1	132	11	1	128	110	1	124	7	0	0	0	0	0	0	0	0	0	0	0	0	0	0	0
400216	姜太公套裝 6級	1	136	150	0	0	0	0	0	0	0	0	0	0	0	0	0	0	0	0	0	0	0	0	0	0	0	0	0	0	0	0	0	0	3	1	132	14	1	128	140	1	124	10	0	0	0	0	0	0	0	0	0	0	0	0	0	0	0
400217	姜太公套裝 7級	1	136	200	0	0	0	0	0	0	0	0	0	0	0	0	0	0	0	0	0	0	0	0	0	0	0	0	0	0	0	0	0	0	3	1	132	17	1	128	170	1	124	12	0	0	0	0	0	0	0	0	0	0	0	0	0	0	0
400218	姜太公套裝 8級	1	136	250	0	0	0	0	0	0	0	0	0	0	0	0	0	0	0	0	0	0	0	0	0	0	0	0	0	0	0	0	0	0	3	1	132	20	1	128	200	1	124	14	0	0	0	0	0	0	0	0	0	0	0	0	0	0	0
400219	姜太公套裝 9級	1	136	350	0	0	0	0	0	0	0	0	0	0	0	0	0	0	0	0	0	0	0	0	0	0	0	0	0	0	0	0	0	0	3	1	132	25	1	128	250	1	124	17	0	0	0	0	0	0	0	0	0	0	0	0	0	0	0
400220	姜太公套裝 10級	1	136	450	0	0	0	0	0	0	0	0	0	0	0	0	0	0	0	0	0	0	0	0	0	0	0	0	0	0	0	0	0	0	3	1	132	30	1	128	300	1	124	20	0	0	0	0	0	0	0	0	0	0	0	0	0	0	0
300965	傑拉諾斯套裝	0	0	0	0	0	0	0	0	0	0	0	0	0	0	0	0	0	0	0	0	0	0	0	0	0	0	0	0	0	0	0	0	0	5	1	124	20	1	456	3	0	0	0	0	0	0	0	0	0	0	0	0	0	0	0	0	0	0
400138	黃昏的終結套裝	1	15	20	1	140	400	1	90	12	1	30	2000	0	0	0	0	0	0	0	0	0	0	0	0	0	0	0	0	0	0	0	0	0	5	1	30	500	1	158	3	1	156	20	1	62	20	2	23240011	1	0	0	0	0	0	0	0	0	0
400139	黃昏的守護套裝	1	27	20	1	140	400	1	90	12	1	30	2000	0	0	0	0	0	0	0	0	0	0	0	0	0	0	0	0	0	0	0	0	0	5	1	30	500	1	158	3	1	156	20	1	62	20	2	23240011	1	0	0	0	0	0	0	0	0	0
400140	黃昏的幻想套裝	1	23	20	1	240	400	1	98	12	1	30	2000	0	0	0	0	0	0	0	0	0	0	0	0	0	0	0	0	0	0	0	0	0	5	1	30	500	1	164	3	1	162	20	1	457	20	2	23240011	1	0	0	0	0	0	0	0	0	0
400141	黃昏的幸運套裝	1	19	20	1	140	400	1	90	12	1	30	2000	0	0	0	0	0	0	0	0	0	0	0	0	0	0	0	0	0	0	0	0	0	5	1	30	500	1	158	3	1	156	20	1	62	20	2	23240011	1	0	0	0	0	0	0	0	0	0
400142	黃昏的共存套裝	1	31	10	1	140	400	1	90	12	1	30	2000	0	0	0	0	0	0	0	0	0	0	0	0	0	0	0	0	0	0	0	0	0	5	1	30	500	1	158	3	1	156	20	1	62	20	2	23240011	1	0	0	0	0	0	0	0	0	0
400143	黃昏的靈魂套裝	1	23	20	1	240	400	1	98	12	1	30	2000	0	0	0	0	0	0	0	0	0	0	0	0	0	0	0	0	0	0	0	0	0	5	1	30	500	1	164	3	1	162	20	1	457	20	2	23240011	1	0	0	0	0	0	0	0	0	0
100016	英雄的寶石套裝	0	0	0	0	0	0	0	0	0	0	0	0	0	0	0	0	0	0	0	0	0	0	0	0	0	0	0	0	0	0	0	0	0	3	1	457	30	1	66	30	1	62	30	1	455	30	0	0	0	0	0	0	0	0	0	0	0	0
400144	進化黑暗的終結套裝	1	15	25	2	59001277	1	1	216	400	1	30	3500	1	110	-55	1	90	17	1	176	12	1	148	18	0	0	0	0	0	0	0	0	0	9	2	21014007	1	1	156	28	1	158	5	1	94	12	1	30	1500	2	13011403	1	0	0	0	0	0	0
400145	進化黑暗的守護套裝	1	27	25	2	59001281	1	1	216	400	1	26	180	1	110	-55	1	90	17	1	140	180	1	148	18	0	0	0	0	0	0	0	0	0	9	2	21014007	1	1	156	28	1	158	5	1	94	12	1	30	1500	2	13011403	1	0	0	0	0	0	0
400146	進化黑暗的終結套裝	1	23	25	2	59001279	1	1	216	400	1	30	3500	1	110	-55	1	98	17	1	180	12	1	292	18	0	0	0	0	0	0	0	0	0	9	2	21014007	1	1	162	28	1	164	5	1	102	12	1	30	1500	2	13011403	1	0	0	0	0	0	0
400147	進化黑暗的幸運套裝	1	19	25	2	59001283	1	1	216	400	1	30	3500	1	110	-55	1	90	17	1	176	12	1	148	18	0	0	0	0	0	0	0	0	0	9	2	21014007	1	1	156	28	1	158	5	1	94	12	1	30	1500	2	13011403	1	0	0	0	0	0	0
400148	進化黑暗的共存套裝	1	31	12	2	59001281	1	1	216	400	1	26	180	1	110	-55	1	90	17	1	140	150	1	148	18	0	0	0	0	0	0	0	0	0	9	2	21014007	1	1	156	28	1	158	5	1	94	12	1	30	1500	2	13011403	1	0	0	0	0	0	0
400149	進化黑暗的靈魂套裝	1	23	25	2	59001279	1	1	216	400	1	30	3500	1	110	-55	1	98	17	1	180	12	1	292	18	0	0	0	0	0	0	0	0	0	9	2	21014007	1	1	162	28	1	164	5	1	102	12	1	30	1500	2	13011403	1	0	0	0	0	0	0
300966	薄荷冰淇淋套裝(7日)	0	0	0	0	0	0	0	0	0	0	0	0	0	0	0	0	0	0	0	0	0	0	0	0	0	0	0	0	0	0	0	0	0	4	1	465	1	1	106	5	1	455	15	0	0	0	0	0	0	0	0	0	0	0	0	0	0	0
300967	薄荷冰淇淋套裝(30日)	0	0	0	0	0	0	0	0	0	0	0	0	0	0	0	0	0	0	0	0	0	0	0	0	0	0	0	0	0	0	0	0	0	4	1	465	1	1	106	5	1	455	15	0	0	0	0	0	0	0	0	0	0	0	0	0	0	0
300491	胖企鵝套裝	0	0	0	0	0	0	0	0	0	0	0	0	0	0	0	0	0	0	0	0	0	0	0	0	0	0	0	0	0	0	0	0	0	2	1	106	5	1	114	5	1	118	5	0	0	0	0	0	0	0	0	0	0	0	0	0	0	0
300968	新學期套裝	0	0	0	0	0	0	0	0	0	0	0	0	0	0	0	0	0	0	0	0	0	0	0	0	0	0	0	0	0	0	0	0	0	3	1	124	10	0	0	0	0	0	0	0	0	0	0	0	0	0	0	0	0	0	0	0	0	0
300492	後背包套裝	0	0	0	0	0	0	0	0	0	0	0	0	0	0	0	0	0	0	0	0	0	0	0	0	0	0	0	0	0	0	0	0	0	3	1	106	10	1	132	10	1	128	30	1	456	10	0	0	0	0	0	0	0	0	0	0	0	0
300493	成年禮套裝	1	27	4	0	0	0	0	0	0	0	0	0	0	0	0	0	0	0	0	0	0	0	0	0	0	0	0	0	0	0	0	0	0	3	1	125	3	1	465	1	0	0	0	0	0	0	0	0	0	0	0	0	0	0	0	0	0	0
300494	成年禮飾品套裝	0	0	0	0	0	0	0	0	0	0	0	0	0	0	0	0	0	0	0	0	0	0	0	0	0	0	0	0	0	0	0	0	0	5	1	30	300	1	464	5	1	149	1	0	0	0	0	0	0	0	0	0	0	0	0	0	0	0
300495	閃閃發亮果醬套裝效果	0	0	0	0	0	0	0	0	0	0	0	0	0	0	0	0	0	0	0	0	0	0	0	0	0	0	0	0	0	0	0	0	0	4	1	124	5	1	464	10	0	0	0	0	0	0	0	0	0	0	0	0	0	0	0	0	0	0
300496	虎紋套裝	0	0	0	0	0	0	0	0	0	0	0	0	0	0	0	0	0	0	0	0	0	0	0	0	0	0	0	0	0	0	0	0	0	3	1	107	10	1	133	10	1	129	30	1	456	10	0	0	0	0	0	0	0	0	0	0	0	0
